<ImportExportXml version="9.2.22015.127" SolutionPackageVersion="9.2" languagecode="1033" generatedBy="CrmLive" xmlns:xsi="http://www.w3.org/2001/XMLSchema-instance">
  <SolutionManifest>
    <UniqueName>IvoryService</UniqueName>
    <LocalizedNames>
      <LocalizedName description="Ivory Service" languagecode="1033" />
    </LocalizedNames>
    <Descriptions />
    <Version>1.0.0.58</Version>
    <Managed>0</Managed>
    <Publisher>
      <UniqueName>Crbc637</UniqueName>
      <LocalizedNames>
        <LocalizedName description="CDS Default Publisher" languagecode="1033" />
      </LocalizedNames>
      <Descriptions />
      <EMailAddress xsi:nil="true"></EMailAddress>
      <SupportingWebsiteUrl xsi:nil="true"></SupportingWebsiteUrl>
      <CustomizationPrefix>cre2c</CustomizationPrefix>
      <CustomizationOptionValuePrefix>88199</CustomizationOptionValuePrefix>
      <Addresses>
        <Address>
          <AddressNumber>1</AddressNumber>
          <AddressTypeCode xsi:nil="true"></AddressTypeCode>
          <City xsi:nil="true"></City>
          <County xsi:nil="true"></County>
          <Country xsi:nil="true"></Country>
          <Fax xsi:nil="true"></Fax>
          <FreightTermsCode xsi:nil="true"></FreightTermsCode>
          <ImportSequenceNumber xsi:nil="true"></ImportSequenceNumber>
          <Latitude xsi:nil="true"></Latitude>
          <Line1 xsi:nil="true"></Line1>
          <Line2 xsi:nil="true"></Line2>
          <Line3 xsi:nil="true"></Line3>
          <Longitude xsi:nil="true"></Longitude>
          <Name xsi:nil="true"></Name>
          <PostalCode xsi:nil="true"></PostalCode>
          <PostOfficeBox xsi:nil="true"></PostOfficeBox>
          <PrimaryContactName xsi:nil="true"></PrimaryContactName>
          <ShippingMethodCode xsi:nil="true"></ShippingMethodCode>
          <StateOrProvince xsi:nil="true"></StateOrProvince>
          <Telephone1 xsi:nil="true"></Telephone1>
          <Telephone2 xsi:nil="true"></Telephone2>
          <Telephone3 xsi:nil="true"></Telephone3>
          <TimeZoneRuleVersionNumber xsi:nil="true"></TimeZoneRuleVersionNumber>
          <UPSZone xsi:nil="true"></UPSZone>
          <UTCOffset xsi:nil="true"></UTCOffset>
          <UTCConversionTimeZoneCode xsi:nil="true"></UTCConversionTimeZoneCode>
        </Address>
        <Address>
          <AddressNumber>2</AddressNumber>
          <AddressTypeCode xsi:nil="true"></AddressTypeCode>
          <City xsi:nil="true"></City>
          <County xsi:nil="true"></County>
          <Country xsi:nil="true"></Country>
          <Fax xsi:nil="true"></Fax>
          <FreightTermsCode xsi:nil="true"></FreightTermsCode>
          <ImportSequenceNumber xsi:nil="true"></ImportSequenceNumber>
          <Latitude xsi:nil="true"></Latitude>
          <Line1 xsi:nil="true"></Line1>
          <Line2 xsi:nil="true"></Line2>
          <Line3 xsi:nil="true"></Line3>
          <Longitude xsi:nil="true"></Longitude>
          <Name xsi:nil="true"></Name>
          <PostalCode xsi:nil="true"></PostalCode>
          <PostOfficeBox xsi:nil="true"></PostOfficeBox>
          <PrimaryContactName xsi:nil="true"></PrimaryContactName>
          <ShippingMethodCode xsi:nil="true"></ShippingMethodCode>
          <StateOrProvince xsi:nil="true"></StateOrProvince>
          <Telephone1 xsi:nil="true"></Telephone1>
          <Telephone2 xsi:nil="true"></Telephone2>
          <Telephone3 xsi:nil="true"></Telephone3>
          <TimeZoneRuleVersionNumber xsi:nil="true"></TimeZoneRuleVersionNumber>
          <UPSZone xsi:nil="true"></UPSZone>
          <UTCOffset xsi:nil="true"></UTCOffset>
          <UTCConversionTimeZoneCode xsi:nil="true"></UTCConversionTimeZoneCode>
        </Address>
      </Addresses>
    </Publisher>
    <RootComponents>
      <RootComponent type="1" schemaName="cre2c_ivoryprescribedinsitute" behavior="0" />
      <RootComponent type="1" schemaName="cre2c_ivorysection10case" behavior="0" />
      <RootComponent type="1" schemaName="cre2c_ivorysection2case" behavior="0" />
      <RootComponent type="9" schemaName="cre2c_ageexemptionreason" behavior="0" />
      <RootComponent type="9" schemaName="cre2c_alreadyhascertificate" behavior="0" />
      <RootComponent type="9" schemaName="cre2c_capacities" behavior="0" />
      <RootComponent type="9" schemaName="cre2c_exemptiontype" behavior="0" />
      <RootComponent type="9" schemaName="cre2c_intention" behavior="0" />
      <RootComponent type="9" schemaName="cre2c_ivoryvolumereason" behavior="0" />
      <RootComponent type="9" schemaName="cre2c_recommendation" behavior="0" />
      <RootComponent type="9" schemaName="cre2c_sellingonbehalfof" behavior="0" />
      <RootComponent type="9" schemaName="cre2c_status" behavior="0" />
      <RootComponent type="9" schemaName="cre2c_whyivoryintegral" behavior="0" />
      <RootComponent type="20" id="{5bca7c3f-7377-ec11-8d21-000d3ad5f0e3}" behavior="0" />
      <RootComponent type="20" id="{83a37cb6-0501-ec11-94ef-000d3ad67dc2}" behavior="0" />
      <RootComponent type="29" id="{0c7e3e15-7c69-ec11-8943-00224840509f}" behavior="0" />
      <RootComponent type="29" id="{0e7b6dfa-d86e-ec11-8943-00224840509f}" behavior="0" />
      <RootComponent type="29" id="{15fc64c3-246e-ec11-8943-00224840509f}" behavior="0" />
      <RootComponent type="29" id="{1c3cf80a-d86e-ec11-8943-00224840509f}" behavior="0" />
      <RootComponent type="29" id="{2e20173f-db6e-ec11-8943-00224840509f}" behavior="0" />
      <RootComponent type="29" id="{37bd716f-8869-ec11-8943-00224840509f}" behavior="0" />
      <RootComponent type="29" id="{3ec9abfd-276e-ec11-8943-00224840509f}" behavior="0" />
      <RootComponent type="29" id="{50457ade-566e-ec11-8943-00224840509f}" behavior="0" />
      <RootComponent type="29" id="{6da4bc91-4e6e-ec11-8943-00224840509f}" behavior="0" />
      <RootComponent type="29" id="{6fd7df25-7061-ec11-8f8f-000d3ad4b697}" behavior="0" />
      <RootComponent type="29" id="{702b6184-da6e-ec11-8943-00224840509f}" behavior="0" />
      <RootComponent type="29" id="{8d5688ab-506e-ec11-8943-00224840509f}" behavior="0" />
      <RootComponent type="29" id="{adcd3d70-516e-ec11-8943-00224840509f}" behavior="0" />
      <RootComponent type="29" id="{b918728a-cf6e-ec11-8943-00224840509f}" behavior="0" />
      <RootComponent type="29" id="{b9f0bc01-29e6-eb11-bacb-0022483f985c}" behavior="0" />
      <RootComponent type="29" id="{d2a2931d-496e-ec11-8943-00224840509f}" behavior="0" />
      <RootComponent type="29" id="{e36deb1f-dc6e-ec11-8943-00224840509f}" behavior="0" />
      <RootComponent type="29" id="{fe7ce34a-8d01-ec11-94ef-000d3ad67de4}" behavior="0" />
      <RootComponent type="31" id="{0679c142-e238-ec11-8c64-000d3a0afbee}" behavior="0" />
      <RootComponent type="31" id="{2079d90d-d23b-ec11-8c62-0022484340ac}" behavior="0" />
      <RootComponent type="31" id="{2b2e61c3-dd38-ec11-8c64-000d3a0afbee}" behavior="0" />
      <RootComponent type="31" id="{a767c7f6-d23b-ec11-8c62-0022484340ac}" behavior="0" />
      <RootComponent type="31" id="{ba933809-df38-ec11-8c64-000d3a0afbee}" behavior="0" />
      <RootComponent type="61" schemaName="cre2c_IvoryServiceScript" behavior="0" />
      <RootComponent type="62" schemaName="cre2c_IvoryDeclarationManagementSystem" behavior="0" />
      <RootComponent type="80" schemaName="cre2c_IvoryDeclarationManagementSystem" behavior="0" />
      <RootComponent type="431" schemaName="cre2c_ivorysection2case cre2c_photo2" behavior="0" />
    </RootComponents>
    <MissingDependencies>
      <MissingDependency>
        <Required type="61" schemaName="msdyn_/Images/AppModule_Default_Icon.png" displayName="msdyn_/Images/AppModule_Default_Icon.png" solution="AppModuleWebResources (2.5)" />
        <Dependent type="80" schemaName="cre2c_IvoryDeclarationManagementSystem" displayName="Manage ivory declarations" />
      </MissingDependency>
    </MissingDependencies>
  </SolutionManifest>
</ImportExportXml>